Student_ID,Gender,Age,District,School_Type,Study_Hours_per_Week,Attendance,Parent_Education,Family_Income_BDT,Internet_Access,Private_Tuition,Previous_GPA,SSC_Result,HSC_Result
542,Female,17,Dhaka,Private,16,86,Graduate,23840,No,No,4.24,3.51,3.27
441,Male,15,Dhaka,Public,10,71,Higher Secondary,30597,No,No,3.19,4.18,4.75
483,Male,16,Khulna,Public,28,72,Secondary,10946,No,No,4.38,3.59,4.11
423,Female,17,Khulna,Public,8,93,Higher Secondary,43030,Yes,Yes,4.73,3.55,3.6
779,Female,18,Rangpur,Public,22,88,Higher Secondary,55747,Yes,No,3.39,3.95,4.38
950,Male,17,Rajshahi,Public,26,70,Primary,54220,Yes,Yes,3.67,4.13,4.72
335,Female,18,Khulna,Public,13,96,Primary,57014,No,No,3.01,3.92,4.26
577,Male,17,Dhaka,Private,5,91,Primary,17933,Yes,No,3.61,4.86,4.24
935,Female,17,Dhaka,Public,16,71,Higher Secondary,16008,No,Yes,3.16,4.77,3.78
568,Female,18,Chattogram,Public,7,66,Secondary,16533,Yes,Yes,4.85,3.61,3.96
595,Female,18,Dhaka,Public,17,76,Graduate,34846,Yes,Yes,3.18,3.72,3.67
531,Male,16,Chattogram,Private,8,79,Graduate,58785,Yes,No,4.67,4.38,3.06
582,Male,16,Rangpur,Public,25,86,Primary,16089,No,No,4.77,3.65,4.82
708,Female,16,Chattogram,Private,16,82,Graduate,48417,No,Yes,4.41,4.45,3.96
449,Male,16,Mymensingh,Private,12,61,Higher Secondary,24342,Yes,Yes,3.58,4.26,4.88
454,Female,17,Sylhet,Private,17,73,Primary,57080,Yes,No,4.16,4.68,3.54
229,Male,16,Dhaka,Public,6,68,Secondary,58803,Yes,Yes,3.13,4.9,4.08
353,Male,17,Sylhet,Public,13,89,Graduate,39377,Yes,Yes,3.6,4.82,4.94
729,Male,16,Rangpur,Public,23,68,Higher Secondary,48679,No,No,3.72,4.41,3.68
213,Male,16,Chattogram,Private,5,93,Higher Secondary,54632,Yes,No,3.19,4.73,4.98
80,Female,15,Mymensingh,Public,6,60,Higher Secondary,14319,No,Yes,3.04,3.56,4.95
149,Male,17,Barisal,Public,28,99,Graduate,47770,No,Yes,3.28,4.68,3.27
303,Male,17,Sylhet,Public,23,63,Graduate,55098,No,No,3.5,3.67,4.79
629,Male,17,Chattogram,Private,14,87,Secondary,38557,No,No,3.81,4.16,3.33
778,Female,17,Rangpur,Public,23,60,Secondary,23851,Yes,No,4.23,4.28,3.95
507,Female,18,Dhaka,Private,16,77,Graduate,55875,Yes,Yes,3.37,4.95,3.5
343,Male,17,Dhaka,Private,23,62,Primary,49522,No,No,4.99,3.57,3.23
486,Female,17,Sylhet,Public,13,74,Higher Secondary,59658,No,Yes,3.16,4.36,4.86
712,Female,15,Rangpur,Public,23,76,Higher Secondary,48328,Yes,No,4.13,3.61,4.17
134,Male,17,Dhaka,Public,5,70,Secondary,30666,Yes,No,4.68,3.53,3.84
704,Female,17,Dhaka,Private,25,81,Higher Secondary,24318,Yes,No,4.34,4.48,4.91
312,Male,16,Rajshahi,Public,8,86,Primary,14054,No,No,4.86,4.65,3.09
723,Female,17,Rajshahi,Private,7,76,Secondary,27197,No,Yes,3.39,4.96,3.76
630,Male,16,Rangpur,Private,22,92,Primary,15798,Yes,No,4.62,4.31,3.5
1,Male,16,Rangpur,Private,11,70,Graduate,49169,Yes,Yes,4.83,4.22,5.0
317,Male,16,Chattogram,Private,18,60,Secondary,58328,Yes,Yes,3.94,4.86,4.61
707,Female,17,Khulna,Public,25,96,Higher Secondary,37672,No,Yes,3.04,4.7,3.04
548,Female,17,Sylhet,Private,13,95,Graduate,46483,Yes,Yes,3.94,4.48,3.83
873,Female,17,Khulna,Public,20,61,Secondary,11378,Yes,No,4.7,4.8,3.2
533,Male,16,Mymensingh,Private,8,79,Primary,11436,No,No,4.21,4.65,3.22
478,Female,18,Rajshahi,Public,14,61,Higher Secondary,45932,No,Yes,3.21,3.52,3.26
405,Female,16,Sylhet,Public,12,76,Higher Secondary,25882,Yes,No,3.42,4.56,3.58
173,Male,17,Khulna,Public,20,77,Graduate,51777,Yes,No,4.25,4.34,4.06
126,Female,18,Barisal,Private,12,85,Secondary,22450,Yes,No,3.67,4.2,4.28
395,Male,15,Khulna,Public,8,98,Secondary,43691,Yes,No,3.1,4.71,3.6
421,Female,15,Dhaka,Public,29,92,Primary,28350,Yes,No,3.41,4.56,4.04
553,Male,17,Dhaka,Public,17,78,Primary,16411,Yes,Yes,3.19,4.44,3.23
904,Male,15,Chattogram,Public,25,96,Primary,51004,Yes,Yes,3.82,4.26,3.85
91,Female,18,Chattogram,Private,20,96,Graduate,16364,Yes,Yes,3.03,4.28,4.48
940,Female,17,Khulna,Public,28,62,Higher Secondary,48990,Yes,No,3.65,3.72,3.81
182,Male,18,Khulna,Public,5,88,Higher Secondary,25216,No,Yes,4.36,4.71,3.46
275,Male,17,Mymensingh,Private,24,60,Primary,15060,Yes,Yes,4.96,3.96,4.97
896,Female,17,Rangpur,Private,11,74,Graduate,47344,No,Yes,3.33,4.83,4.87
70,Female,15,Sylhet,Private,5,62,Secondary,32692,No,Yes,4.2,4.08,3.6
292,Male,15,Mymensingh,Private,24,94,Secondary,47419,No,Yes,3.88,3.51,3.99
132,Male,16,Dhaka,Public,12,91,Graduate,10287,No,Yes,3.9,4.36,4.86
301,Male,17,Dhaka,Private,19,80,Secondary,12253,No,Yes,3.16,4.63,4.42
425,Female,18,Rangpur,Public,11,83,Graduate,32886,No,No,4.34,3.61,3.54
327,Male,15,Barisal,Public,20,63,Primary,29162,No,No,4.43,4.72,3.22
145,Female,18,Dhaka,Public,23,78,Primary,10244,Yes,Yes,3.21,4.83,4.45
424,Male,17,Dhaka,Public,27,63,Primary,30746,Yes,Yes,4.04,4.85,4.61
581,Female,18,Barisal,Public,9,69,Primary,12080,Yes,No,3.32,4.03,4.32
136,Male,17,Khulna,Public,24,91,Secondary,59281,Yes,Yes,3.17,4.79,3.93
451,Female,18,Sylhet,Private,14,96,Higher Secondary,23945,Yes,Yes,3.23,4.9,3.2
165,Female,15,Barisal,Public,12,93,Graduate,31889,No,No,3.44,4.87,4.21
29,Female,15,Chattogram,Public,10,75,Secondary,42766,Yes,Yes,4.26,4.48,3.18
774,Female,18,Rajshahi,Private,27,75,Primary,52939,Yes,Yes,4.26,4.78,4.94
194,Male,18,Dhaka,Public,13,94,Secondary,14873,No,Yes,3.35,4.91,4.7
389,Male,17,Sylhet,Public,7,74,Primary,50745,No,Yes,4.97,4.58,4.51
853,Male,16,Sylhet,Public,6,95,Higher Secondary,16772,No,Yes,5.0,4.76,3.52
170,Female,17,Mymensingh,Private,16,65,Primary,49321,Yes,No,4.88,3.6,4.87
706,Male,18,Chattogram,Public,16,88,Higher Secondary,36026,Yes,No,3.74,4.95,3.42
141,Female,16,Rajshahi,Private,27,66,Graduate,26527,No,Yes,3.46,3.73,3.68
174,Female,17,Chattogram,Private,7,73,Higher Secondary,56250,No,No,3.95,4.28,4.58
7,Male,18,Mymensingh,Private,20,80,Primary,48218,Yes,No,3.61,4.17,3.61
746,Female,16,Barisal,Public,16,60,Secondary,52814,No,No,4.8,4.94,4.22
479,Male,16,Barisal,Private,15,89,Graduate,31164,Yes,No,4.56,3.53,4.43
74,Female,17,Chattogram,Public,15,83,Graduate,24616,Yes,Yes,4.32,4.9,4.45
911,Male,18,Mymensingh,Private,21,96,Higher Secondary,27898,No,Yes,3.07,4.69,4.33
814,Female,15,Mymensingh,Public,15,73,Primary,43949,Yes,No,3.05,4.24,3.85
239,Male,15,Rajshahi,Private,16,61,Graduate,37236,Yes,No,4.27,4.08,4.63
146,Male,16,Mymensingh,Private,9,70,Graduate,13178,No,No,3.34,4.16,4.16
793,Male,17,Dhaka,Public,13,77,Higher Secondary,24997,No,No,4.02,3.92,4.34
235,Female,16,Dhaka,Private,28,87,Primary,58321,Yes,No,3.26,3.69,3.87
221,Male,15,Mymensingh,Private,24,60,Primary,13809,No,No,3.04,4.71,3.92
924,Male,17,Dhaka,Public,18,99,Primary,10515,No,No,4.49,4.32,3.97
501,Male,17,Barisal,Public,18,76,Graduate,10390,No,No,4.89,3.56,3.27
133,Male,16,Barisal,Private,16,79,Secondary,32337,Yes,No,4.47,4.68,3.11
991,Female,18,Barisal,Private,19,73,Primary,17297,Yes,Yes,4.0,4.56,3.04
775,Female,17,Mymensingh,Public,19,84,Secondary,35274,Yes,Yes,4.01,4.27,4.73
186,Male,18,Sylhet,Private,20,70,Higher Secondary,39327,No,No,4.8,4.38,3.87
42,Male,16,Rangpur,Private,28,66,Secondary,26848,No,No,3.8,3.6,4.77
697,Male,15,Rajshahi,Private,23,82,Secondary,44457,Yes,Yes,3.61,4.01,3.89
109,Female,16,Rangpur,Public,21,67,Secondary,38164,Yes,No,3.11,3.51,3.07
589,Female,17,Chattogram,Public,25,88,Secondary,59556,No,No,4.0,3.7,3.0
57,Female,18,Chattogram,Public,25,69,Secondary,11094,No,No,4.43,4.15,4.56
406,Female,18,Dhaka,Public,16,71,Graduate,29041,Yes,Yes,3.65,4.73,4.41
443,Male,18,Rajshahi,Public,26,69,Graduate,42696,No,No,3.64,4.88,4.55
758,Male,15,Rajshahi,Private,16,76,Primary,49661,No,Yes,3.35,4.47,4.92
998,Female,15,Khulna,Private,5,82,Graduate,11605,No,Yes,3.35,4.92,3.29
25,Female,18,Khulna,Public,8,72,Primary,49553,Yes,No,3.89,4.13,4.85
468,Male,16,Dhaka,Private,18,65,Primary,58291,No,Yes,4.18,3.52,3.25
540,Female,15,Sylhet,Public,21,65,Graduate,40979,Yes,No,3.39,4.29,3.95
532,Female,16,Barisal,Private,5,78,Graduate,10507,Yes,No,4.73,3.62,3.68
619,Male,16,Sylhet,Public,9,69,Secondary,48871,No,No,4.39,4.81,4.85
695,Female,15,Rajshahi,Private,25,81,Graduate,38112,Yes,No,4.07,4.92,4.34
927,Male,15,Rajshahi,Public,28,77,Graduate,42264,No,Yes,4.47,3.99,3.33
339,Female,16,Mymensingh,Private,18,98,Higher Secondary,59052,No,No,3.05,4.27,3.65
52,Female,15,Rangpur,Public,28,95,Primary,41918,Yes,No,4.99,4.25,4.51
508,Male,16,Barisal,Public,12,85,Secondary,45328,Yes,Yes,4.64,3.98,4.61
517,Female,17,Rangpur,Public,9,94,Graduate,18921,No,No,4.17,4.59,4.37
921,Male,17,Khulna,Public,22,99,Primary,40024,No,Yes,3.18,4.65,3.1
782,Male,18,Chattogram,Public,25,66,Secondary,15730,No,No,4.05,3.89,3.94
265,Male,16,Barisal,Private,20,86,Graduate,52079,Yes,No,4.89,4.99,4.32
818,Male,17,Rangpur,Private,14,90,Primary,15974,No,Yes,3.42,4.15,3.69
711,Male,15,Chattogram,Private,8,82,Primary,38091,No,No,3.33,4.5,3.25
683,Male,15,Rajshahi,Public,17,91,Graduate,54439,Yes,Yes,4.55,4.49,3.33
833,Male,18,Khulna,Private,21,98,Graduate,11073,Yes,No,4.46,4.29,3.54
519,Female,18,Barisal,Private,29,61,Higher Secondary,55512,Yes,No,3.64,3.66,4.57
448,Female,18,Rangpur,Public,10,82,Secondary,48367,Yes,No,3.09,4.39,3.91
19,Female,18,Dhaka,Private,15,73,Graduate,45113,Yes,No,4.47,4.41,4.78
716,Female,18,Rangpur,Private,17,96,Higher Secondary,39850,Yes,Yes,4.2,4.1,4.59
484,Female,15,Mymensingh,Public,9,79,Higher Secondary,24693,No,Yes,4.75,4.88,4.46
569,Male,17,Rajshahi,Private,20,68,Higher Secondary,31061,No,Yes,3.03,4.8,3.98
434,Female,18,Rangpur,Public,28,86,Primary,21826,No,No,3.9,4.6,3.02
368,Female,16,Khulna,Private,6,91,Graduate,45912,Yes,No,4.69,3.98,4.17
84,Female,18,Barisal,Public,6,76,Higher Secondary,30323,No,Yes,3.42,4.28,4.05
62,Male,15,Barisal,Private,22,61,Graduate,13982,Yes,Yes,4.39,4.38,4.62
639,Female,15,Barisal,Private,12,96,Higher Secondary,50388,Yes,Yes,3.01,4.65,4.05
273,Female,17,Dhaka,Private,10,77,Secondary,19615,Yes,No,4.76,4.57,3.37
286,Male,16,Mymensingh,Private,25,93,Primary,30013,No,No,3.11,4.56,3.78
361,Female,16,Mymensingh,Private,7,81,Graduate,57291,No,Yes,3.06,4.2,4.57
355,Female,16,Barisal,Public,28,84,Primary,17493,Yes,No,5.0,4.57,4.58
457,Female,16,Sylhet,Public,12,78,Secondary,51750,No,Yes,3.95,4.17,3.88
279,Male,15,Khulna,Private,27,82,Secondary,30173,Yes,Yes,3.88,4.6,4.5
13,Male,16,Barisal,Public,10,76,Primary,57365,No,No,3.28,3.89,4.7
183,Female,18,Rangpur,Public,27,67,Secondary,28613,No,Yes,3.6,3.74,4.5
369,Male,15,Khulna,Public,13,93,Higher Secondary,23990,No,Yes,3.28,4.95,3.52
882,Female,16,Khulna,Private,6,62,Primary,47016,Yes,Yes,4.3,4.55,4.44
616,Male,17,Rajshahi,Public,11,95,Secondary,37843,Yes,Yes,4.58,4.13,4.75
224,Female,17,Khulna,Public,10,79,Higher Secondary,17206,Yes,No,4.45,4.3,4.25
573,Male,16,Dhaka,Private,13,69,Higher Secondary,34594,No,Yes,3.9,4.44,3.04
971,Female,15,Rajshahi,Private,8,88,Secondary,42966,Yes,Yes,4.35,3.94,4.58
654,Male,17,Khulna,Public,7,60,Primary,25310,No,No,3.38,4.22,4.34
546,Female,18,Dhaka,Public,11,91,Graduate,34495,Yes,No,4.7,4.6,3.81
583,Female,15,Chattogram,Private,21,94,Graduate,36123,No,Yes,3.02,4.94,4.96
634,Male,17,Rajshahi,Private,15,80,Graduate,52614,Yes,No,4.91,4.32,4.95
177,Male,17,Rajshahi,Private,22,90,Secondary,50130,No,Yes,3.01,3.93,3.68
666,Male,16,Khulna,Private,25,80,Graduate,53129,Yes,No,4.98,4.89,3.66
674,Female,15,Sylhet,Private,10,60,Graduate,21279,Yes,No,4.73,3.57,4.21
586,Male,16,Chattogram,Public,28,87,Secondary,29878,Yes,No,3.66,4.1,3.11
874,Male,16,Rajshahi,Private,6,71,Primary,27632,No,No,3.71,4.75,3.62
394,Female,16,Rangpur,Private,13,82,Secondary,43066,No,Yes,3.03,3.56,4.68
164,Female,16,Rajshahi,Public,18,86,Primary,33238,No,Yes,3.98,3.77,4.92
249,Male,16,Mymensingh,Public,23,95,Graduate,34209,Yes,No,4.25,4.58,4.46
635,Female,15,Chattogram,Private,21,61,Graduate,22720,Yes,Yes,3.14,4.35,4.52
886,Male,16,Khulna,Private,19,91,Secondary,22632,No,Yes,4.5,3.51,3.31
670,Male,18,Sylhet,Private,14,78,Primary,52674,Yes,No,3.38,4.11,4.8
376,Female,15,Rajshahi,Public,21,76,Primary,16828,Yes,No,3.43,4.12,4.87
413,Female,15,Chattogram,Private,23,91,Primary,34489,Yes,Yes,4.29,4.02,3.12
75,Male,15,Rangpur,Public,13,88,Higher Secondary,14933,No,No,4.62,4.09,4.67
114,Female,17,Dhaka,Private,18,81,Higher Secondary,43045,No,No,3.39,3.9,3.01
599,Female,18,Sylhet,Private,10,82,Secondary,13956,No,No,3.4,4.64,4.39
962,Male,15,Dhaka,Private,15,94,Secondary,53492,No,Yes,3.05,3.88,4.99
391,Male,16,Chattogram,Private,5,98,Secondary,33154,Yes,Yes,4.01,3.99,3.62
105,Female,16,Mymensingh,Private,10,95,Higher Secondary,27695,No,Yes,3.33,4.42,4.8
115,Male,17,Khulna,Private,24,63,Graduate,36553,Yes,Yes,4.89,3.87,3.96
418,Female,17,Chattogram,Private,23,94,Primary,22615,Yes,No,3.24,3.52,4.35
526,Male,17,Mymensingh,Public,19,86,Higher Secondary,57025,No,Yes,4.46,4.55,4.19
458,Female,18,Sylhet,Public,18,77,Primary,29953,No,No,3.72,4.74,3.23
410,Female,16,Mymensingh,Public,19,85,Secondary,44675,No,No,3.43,4.05,4.98
93,Female,18,Barisal,Public,6,66,Primary,10691,Yes,No,4.95,4.1,3.54
931,Male,18,Barisal,Private,17,92,Primary,37856,No,No,4.35,4.9,3.22
90,Female,16,Khulna,Private,26,93,Graduate,28293,No,Yes,3.97,3.53,4.11
337,Male,17,Rangpur,Private,17,99,Graduate,22853,Yes,No,3.2,4.79,3.19
989,Female,17,Sylhet,Public,27,97,Higher Secondary,55264,No,No,4.83,4.58,3.63
922,Male,15,Mymensingh,Public,18,88,Primary,59630,No,Yes,4.71,4.23,3.3
934,Male,17,Dhaka,Private,22,79,Graduate,34162,Yes,Yes,4.47,3.91,4.06
606,Male,17,Rangpur,Public,13,62,Primary,48308,No,No,4.91,3.9,4.13
594,Female,18,Rajshahi,Public,7,87,Higher Secondary,54148,Yes,Yes,3.72,3.76,3.41
612,Female,16,Mymensingh,Public,26,69,Secondary,25882,Yes,Yes,4.53,3.94,4.54
95,Female,16,Rangpur,Public,6,91,Higher Secondary,10931,No,No,3.42,4.52,4.24
12,Male,15,Khulna,Private,17,96,Higher Secondary,49567,Yes,No,3.02,4.21,4.68
397,Female,17,Rajshahi,Private,21,93,Higher Secondary,30690,No,No,3.68,4.78,3.27
534,Male,15,Chattogram,Private,22,94,Higher Secondary,37151,No,No,4.46,3.6,3.52
44,Female,15,Sylhet,Public,29,77,Higher Secondary,28211,No,Yes,3.79,4.41,3.21
43,Female,17,Dhaka,Public,18,95,Secondary,30855,No,No,4.9,4.18,4.84
330,Female,15,Chattogram,Private,18,82,Primary,52230,No,No,4.92,4.78,3.08
168,Male,16,Rangpur,Public,24,80,Graduate,58899,No,No,3.2,4.4,3.16
498,Female,18,Chattogram,Public,23,85,Higher Secondary,27576,No,Yes,3.98,4.22,3.75
877,Female,15,Chattogram,Public,27,77,Higher Secondary,55201,Yes,Yes,4.45,3.94,3.19
598,Male,15,Khulna,Public,25,98,Primary,15606,Yes,No,3.2,3.67,3.27
757,Female,15,Dhaka,Public,18,85,Primary,49449,No,Yes,5.0,4.34,3.87
101,Male,17,Rangpur,Public,16,75,Higher Secondary,58243,Yes,Yes,4.67,3.93,4.16
427,Male,17,Rangpur,Private,26,78,Higher Secondary,52904,Yes,No,3.52,3.84,3.41
179,Male,17,Sylhet,Public,12,62,Graduate,59346,Yes,No,3.7,4.71,4.72
445,Female,17,Rajshahi,Private,22,79,Higher Secondary,25989,No,No,4.6,3.73,4.62
417,Male,15,Barisal,Private,25,78,Secondary,23543,No,Yes,3.06,3.87,3.11
871,Male,17,Mymensingh,Private,23,76,Secondary,55826,Yes,Yes,3.97,4.85,4.28
883,Male,15,Dhaka,Public,6,89,Higher Secondary,14603,No,No,4.51,4.78,4.35
681,Female,18,Dhaka,Public,24,83,Higher Secondary,29880,No,No,4.67,3.54,4.77
178,Male,18,Rajshahi,Public,15,89,Higher Secondary,26395,Yes,Yes,3.33,4.27,3.94
396,Female,16,Rajshahi,Public,7,76,Primary,23331,Yes,Yes,4.2,4.05,4.32
912,Male,16,Dhaka,Private,27,81,Higher Secondary,28982,Yes,No,4.32,3.84,4.38
794,Female,17,Khulna,Public,12,61,Higher Secondary,49439,No,Yes,4.98,4.84,4.41
961,Male,16,Sylhet,Public,29,74,Higher Secondary,48498,No,Yes,3.52,4.3,3.33
685,Male,17,Barisal,Private,26,64,Higher Secondary,36027,Yes,Yes,4.21,4.65,3.28
384,Male,18,Barisal,Public,25,95,Secondary,52932,No,No,4.13,4.07,3.82
957,Female,16,Dhaka,Public,13,83,Primary,17533,No,No,4.5,3.66,4.94
752,Male,18,Khulna,Public,9,88,Primary,13786,No,Yes,4.65,3.69,4.76
258,Female,17,Barisal,Private,9,62,Secondary,23731,No,Yes,4.92,4.15,4.29
539,Male,16,Mymensingh,Private,24,62,Secondary,54062,Yes,No,4.76,4.33,4.12
336,Female,16,Rajshahi,Public,24,69,Secondary,14078,No,Yes,3.83,4.58,3.19
16,Male,16,Mymensingh,Private,17,87,Graduate,35006,No,No,4.97,4.67,4.61
325,Female,15,Sylhet,Public,27,83,Primary,31316,No,No,3.72,4.3,3.95
759,Male,17,Chattogram,Public,10,66,Higher Secondary,39709,Yes,Yes,3.02,3.52,4.67
223,Female,15,Barisal,Private,22,76,Secondary,31267,No,Yes,4.32,3.58,4.17
180,Male,17,Mymensingh,Public,10,89,Higher Secondary,12537,Yes,No,3.63,3.57,3.6
984,Male,17,Sylhet,Private,21,64,Graduate,10798,No,Yes,3.12,4.9,3.66
23,Female,16,Chattogram,Private,29,77,Secondary,40595,No,No,4.88,4.49,4.28
357,Female,18,Barisal,Private,29,73,Primary,44844,No,No,3.82,4.69,3.69
667,Female,18,Mymensingh,Public,14,66,Higher Secondary,18531,No,Yes,4.77,4.68,3.42
862,Male,16,Mymensingh,Private,15,99,Higher Secondary,54362,No,Yes,4.2,3.64,4.82
341,Male,17,Barisal,Public,27,80,Graduate,40425,No,Yes,3.44,3.58,3.07
432,Female,15,Mymensingh,Private,16,60,Higher Secondary,41371,Yes,Yes,4.53,4.1,4.49
552,Female,15,Dhaka,Public,15,60,Secondary,17370,No,Yes,4.51,4.44,4.42
834,Female,17,Dhaka,Private,12,91,Higher Secondary,56511,No,Yes,3.77,4.6,4.4
204,Male,16,Rangpur,Public,25,77,Secondary,42463,Yes,Yes,4.98,5.0,4.71
631,Male,17,Sylhet,Private,7,96,Secondary,19627,Yes,No,3.76,4.95,3.68
94,Female,17,Chattogram,Private,14,91,Higher Secondary,40062,No,No,3.44,3.95,3.34
559,Female,17,Mymensingh,Private,13,80,Graduate,38926,Yes,Yes,3.35,3.86,3.39
69,Female,15,Chattogram,Private,27,84,Secondary,13092,No,Yes,3.66,4.71,4.68
623,Male,16,Rajshahi,Private,28,67,Higher Secondary,36025,Yes,No,3.54,3.66,3.21
285,Female,17,Chattogram,Public,19,81,Graduate,24022,No,Yes,4.08,4.23,3.45
845,Male,16,Barisal,Private,17,88,Secondary,38967,No,No,4.91,3.51,4.46
435,Female,18,Barisal,Private,6,75,Primary,44420,Yes,Yes,3.2,4.43,4.55
154,Male,16,Dhaka,Public,13,60,Secondary,34881,Yes,No,3.93,4.15,3.09
76,Female,15,Rangpur,Private,11,84,Graduate,14926,No,No,4.35,4.69,3.83
731,Male,16,Sylhet,Private,11,70,Graduate,42230,Yes,No,3.85,3.81,4.42
447,Male,18,Khulna,Public,16,63,Secondary,19290,Yes,Yes,3.84,3.9,3.11
189,Male,17,Chattogram,Private,8,90,Secondary,25029,No,Yes,4.74,4.33,3.58
272,Female,16,Khulna,Public,11,86,Primary,18044,Yes,Yes,3.29,3.8,3.75
237,Female,15,Sylhet,Public,26,83,Graduate,51486,No,Yes,3.6,3.93,3.81
488,Female,15,Chattogram,Public,28,73,Graduate,25540,Yes,Yes,4.34,3.89,3.72
118,Female,15,Rajshahi,Private,28,88,Graduate,41308,Yes,Yes,3.45,4.25,3.65
944,Male,16,Sylhet,Private,16,74,Higher Secondary,46444,No,Yes,4.0,3.79,3.57
513,Male,15,Barisal,Public,20,62,Primary,11539,No,Yes,4.04,4.23,4.92
826,Female,15,Barisal,Private,28,93,Secondary,48353,No,No,4.59,3.67,4.49
592,Female,17,Chattogram,Public,22,85,Higher Secondary,11184,Yes,No,3.48,4.22,4.98
127,Female,18,Dhaka,Private,21,63,Higher Secondary,20680,No,No,4.15,4.39,3.11
117,Male,17,Khulna,Public,19,62,Primary,40497,Yes,No,4.23,4.01,3.18
474,Female,16,Rajshahi,Private,11,92,Primary,23007,No,Yes,4.06,4.08,3.48
694,Female,17,Rajshahi,Private,26,98,Secondary,42088,Yes,No,3.2,4.89,4.81
58,Male,17,Sylhet,Private,16,72,Secondary,48892,Yes,Yes,4.37,3.8,3.04
864,Female,16,Sylhet,Private,12,89,Secondary,28981,No,Yes,4.44,4.98,3.4
913,Male,16,Barisal,Public,27,65,Secondary,24622,No,Yes,3.57,4.52,4.57
370,Male,16,Barisal,Public,18,68,Secondary,56851,Yes,No,4.04,4.9,4.96
269,Male,15,Khulna,Private,12,77,Primary,24629,No,No,3.4,4.81,3.03
47,Female,17,Chattogram,Private,22,65,Secondary,59241,Yes,No,3.22,4.52,4.79
350,Male,15,Mymensingh,Public,8,64,Primary,25470,Yes,Yes,3.73,3.51,3.42
196,Female,15,Chattogram,Private,15,71,Graduate,43065,No,No,4.61,4.35,4.36
1000,Male,15,Mymensingh,Private,16,80,Graduate,53705,Yes,No,4.23,4.78,4.2
835,Male,18,Rangpur,Public,11,76,Graduate,28771,Yes,Yes,4.57,3.58,3.0
737,Female,15,Rangpur,Public,8,83,Secondary,55203,No,Yes,3.47,4.36,3.22
264,Male,17,Chattogram,Private,24,98,Primary,12776,Yes,Yes,4.38,4.6,3.82
444,Female,17,Mymensingh,Private,29,84,Primary,53123,No,No,4.53,5.0,3.54
676,Male,15,Khulna,Public,22,71,Primary,16477,No,Yes,4.8,4.17,4.63
305,Female,16,Dhaka,Private,10,79,Graduate,44036,No,Yes,3.93,4.7,3.8
342,Female,18,Sylhet,Private,29,79,Primary,12575,Yes,No,4.07,4.17,3.89
967,Male,15,Dhaka,Public,13,69,Graduate,26932,Yes,No,4.76,4.73,4.33
150,Female,15,Rangpur,Public,16,63,Graduate,43654,Yes,No,3.85,4.46,4.61
125,Male,16,Chattogram,Public,13,82,Secondary,53485,Yes,Yes,4.64,3.87,3.28
787,Male,18,Chattogram,Public,19,61,Secondary,29023,No,Yes,3.21,4.53,3.68
51,Male,16,Chattogram,Private,9,60,Secondary,36460,Yes,Yes,3.57,3.64,3.43
354,Female,16,Mymensingh,Public,5,96,Primary,38572,Yes,No,3.54,3.72,4.98
928,Female,17,Chattogram,Public,19,61,Secondary,53628,Yes,Yes,4.25,4.58,3.98
143,Female,18,Barisal,Public,22,84,Primary,33853,Yes,Yes,3.11,4.56,4.13
471,Male,15,Rajshahi,Private,15,87,Higher Secondary,35373,Yes,Yes,4.84,4.45,4.88
400,Male,15,Rajshahi,Private,5,72,Primary,14875,Yes,Yes,4.43,4.54,4.22
626,Female,17,Barisal,Private,19,65,Primary,19782,No,No,3.03,3.52,4.45
321,Female,18,Rangpur,Private,12,99,Graduate,50542,Yes,No,3.25,4.47,4.36
20,Male,15,Rajshahi,Public,24,94,Graduate,26459,No,No,4.0,3.59,4.68
810,Male,16,Rajshahi,Private,20,88,Graduate,41658,Yes,No,4.17,4.2,4.69
791,Female,15,Barisal,Private,7,89,Graduate,51979,No,Yes,4.78,4.37,4.66
809,Female,18,Khulna,Public,27,88,Graduate,27010,No,Yes,4.59,3.73,4.7
408,Female,15,Rangpur,Private,16,76,Primary,52431,No,Yes,4.07,4.49,3.61
538,Male,16,Barisal,Public,12,81,Graduate,17354,Yes,Yes,3.4,4.87,4.13
621,Female,15,Rangpur,Private,8,60,Secondary,29627,No,No,4.86,4.78,4.46
39,Male,15,Barisal,Public,25,68,Graduate,38202,No,Yes,4.45,4.32,4.05
176,Female,17,Rangpur,Private,7,72,Graduate,49404,Yes,No,3.54,3.9,4.3
246,Female,18,Chattogram,Private,24,62,Graduate,29053,No,Yes,3.5,3.93,3.94
829,Male,16,Rangpur,Public,7,95,Higher Secondary,39351,Yes,No,3.27,3.78,4.26
668,Female,15,Mymensingh,Private,9,62,Primary,47038,Yes,No,3.95,3.99,4.0
755,Female,15,Mymensingh,Private,24,98,Primary,19190,Yes,No,4.4,4.51,4.74
859,Female,17,Dhaka,Private,18,75,Higher Secondary,52481,Yes,Yes,3.19,4.19,4.27
155,Male,18,Mymensingh,Public,8,97,Graduate,45422,Yes,No,4.37,4.62,3.03
288,Male,16,Khulna,Private,29,63,Graduate,25886,No,Yes,3.11,3.51,4.49
603,Female,16,Barisal,Public,7,93,Higher Secondary,58849,Yes,No,3.28,3.89,4.52
570,Male,16,Dhaka,Private,12,95,Higher Secondary,17211,Yes,No,4.46,4.25,4.44
744,Male,17,Khulna,Public,17,69,Secondary,42113,Yes,No,3.83,4.88,3.34
18,Female,17,Chattogram,Public,28,77,Higher Secondary,32831,No,No,4.74,3.63,3.59
128,Male,16,Rangpur,Private,6,85,Graduate,20068,Yes,Yes,4.03,4.83,3.81
323,Female,15,Chattogram,Public,18,93,Higher Secondary,44753,No,No,3.06,4.63,4.54
256,Male,16,Rajshahi,Private,26,88,Higher Secondary,16135,Yes,No,4.24,4.1,4.83
658,Male,17,Mymensingh,Private,18,60,Primary,46133,No,No,4.78,4.16,4.61
965,Male,15,Barisal,Private,15,64,Secondary,59036,No,Yes,3.0,3.85,3.58
191,Male,17,Chattogram,Private,18,65,Secondary,23907,Yes,No,3.09,3.91,3.57
116,Female,17,Barisal,Public,26,99,Primary,54331,Yes,No,3.41,3.84,3.03
617,Male,17,Barisal,Public,6,72,Primary,39793,No,Yes,4.36,4.92,4.62
607,Male,16,Mymensingh,Private,27,92,Graduate,35785,No,No,4.22,4.6,4.37
181,Male,16,Rajshahi,Public,5,65,Graduate,29226,No,No,4.58,4.41,4.85
302,Male,18,Khulna,Private,22,73,Secondary,47710,No,No,3.44,4.23,3.97
760,Male,17,Rangpur,Public,21,72,Primary,55429,Yes,Yes,3.3,3.74,3.98
713,Male,15,Chattogram,Public,5,99,Secondary,58219,No,No,4.01,3.89,4.53
724,Male,16,Sylhet,Private,22,91,Primary,31473,Yes,Yes,4.12,4.41,3.16
686,Female,15,Khulna,Private,8,95,Secondary,40720,No,No,4.7,4.99,4.22
980,Female,16,Dhaka,Private,28,70,Primary,10178,No,No,3.34,4.56,3.4
518,Female,17,Barisal,Public,12,75,Secondary,20310,No,Yes,4.47,3.82,3.25
985,Female,16,Rajshahi,Private,27,80,Graduate,17601,Yes,Yes,3.75,4.23,4.32
46,Female,17,Mymensingh,Public,25,87,Graduate,48724,No,Yes,4.05,4.11,4.11
910,Female,15,Sylhet,Public,26,60,Higher Secondary,16191,Yes,No,4.68,3.91,4.85
158,Female,15,Sylhet,Public,12,85,Secondary,27755,No,Yes,4.77,3.67,3.89
852,Female,15,Sylhet,Public,7,85,Higher Secondary,22021,No,No,3.29,4.66,4.18
172,Male,17,Barisal,Public,11,81,Secondary,54327,No,No,3.48,4.32,4.97
17,Female,16,Dhaka,Public,8,94,Primary,51198,No,Yes,3.99,3.79,4.21
512,Female,17,Dhaka,Public,16,66,Graduate,19121,Yes,No,3.54,3.97,4.82
49,Female,15,Rangpur,Public,7,87,Primary,12843,Yes,No,5.0,4.4,3.09
972,Male,15,Chattogram,Private,22,78,Secondary,37777,Yes,No,3.38,4.09,3.59
941,Female,17,Khulna,Public,6,86,Primary,19873,No,Yes,3.44,4.18,4.15
516,Male,16,Rajshahi,Public,11,84,Higher Secondary,18693,Yes,Yes,3.25,4.95,4.25
953,Male,17,Barisal,Private,27,81,Secondary,39703,No,No,4.39,4.19,4.63
481,Female,17,Dhaka,Private,13,63,Primary,24327,Yes,No,3.89,3.83,3.66
284,Male,15,Mymensingh,Private,10,76,Higher Secondary,28748,No,No,3.06,3.77,3.87
719,Female,16,Sylhet,Private,15,89,Primary,40951,No,Yes,3.97,4.66,4.28
878,Female,16,Rajshahi,Public,6,91,Graduate,52224,No,No,3.44,4.0,3.05
226,Female,16,Khulna,Private,16,81,Graduate,38992,Yes,No,3.49,4.4,3.14
27,Female,16,Rangpur,Public,5,90,Secondary,14922,No,Yes,3.67,3.96,3.38
955,Male,17,Chattogram,Private,22,90,Primary,58623,Yes,No,3.48,4.91,4.69
438,Female,15,Sylhet,Public,5,72,Primary,31199,No,Yes,4.92,4.71,4.22
952,Female,17,Sylhet,Public,21,94,Higher Secondary,47480,No,Yes,4.96,4.94,3.67
365,Male,18,Rajshahi,Private,8,75,Higher Secondary,17371,Yes,Yes,4.25,3.94,5.0
230,Male,17,Rajshahi,Private,19,96,Higher Secondary,54439,No,Yes,4.22,4.66,4.43
38,Male,17,Rangpur,Private,11,93,Graduate,26524,Yes,Yes,4.51,4.73,3.08
966,Male,15,Rangpur,Private,23,80,Primary,22940,Yes,Yes,3.57,4.36,3.51
375,Male,17,Chattogram,Private,20,81,Primary,17130,Yes,No,3.68,4.78,4.21
470,Female,15,Mymensingh,Public,12,64,Graduate,46386,Yes,Yes,4.45,4.15,3.79
968,Female,18,Khulna,Private,6,78,Graduate,39769,No,Yes,4.19,3.54,3.84
851,Male,17,Mymensingh,Private,8,80,Higher Secondary,57204,No,Yes,3.4,4.93,3.52
705,Male,17,Rajshahi,Public,18,68,Secondary,58068,No,Yes,4.4,4.02,4.4
842,Female,16,Dhaka,Public,5,68,Graduate,50734,Yes,Yes,4.24,4.76,3.84
195,Male,16,Dhaka,Private,16,85,Secondary,18635,Yes,Yes,3.01,4.79,4.0
855,Male,18,Chattogram,Private,27,81,Higher Secondary,54432,Yes,No,3.86,3.75,3.62
865,Female,18,Chattogram,Private,7,89,Primary,10901,Yes,No,3.46,4.94,4.69
504,Female,17,Barisal,Public,12,64,Secondary,21569,No,No,3.93,4.76,3.82
970,Male,15,Dhaka,Private,8,63,Primary,57411,No,Yes,3.81,4.02,4.37
831,Male,16,Rajshahi,Private,22,68,Secondary,27065,Yes,No,4.17,3.72,3.84
580,Female,17,Chattogram,Public,19,76,Graduate,50696,No,Yes,3.74,4.71,3.48
969,Female,15,Rangpur,Private,16,84,Higher Secondary,34648,Yes,Yes,4.22,4.45,4.93
163,Female,16,Sylhet,Private,20,97,Graduate,31684,No,No,3.9,3.76,4.34
909,Male,16,Rajshahi,Public,29,67,Graduate,24175,No,No,4.97,4.96,4.22
153,Male,18,Dhaka,Private,28,70,Higher Secondary,54910,Yes,Yes,3.01,4.82,3.89
802,Female,15,Barisal,Private,23,74,Higher Secondary,46948,No,Yes,3.89,4.61,3.13
994,Female,15,Chattogram,Public,25,70,Primary,21110,No,No,4.44,3.83,4.55
756,Female,18,Rangpur,Public,13,83,Higher Secondary,48196,No,No,3.54,4.67,3.2
112,Male,15,Khulna,Public,24,84,Higher Secondary,58714,No,Yes,3.52,4.78,4.59
227,Male,17,Rangpur,Public,29,88,Primary,56514,No,Yes,3.61,4.71,4.26
689,Male,15,Khulna,Private,13,92,Graduate,19837,No,Yes,4.02,3.66,3.05
104,Female,15,Chattogram,Private,12,66,Graduate,51107,Yes,Yes,4.86,4.04,4.69
422,Female,15,Sylhet,Public,23,73,Secondary,10375,No,Yes,4.47,3.53,3.8
420,Female,15,Rajshahi,Public,24,73,Graduate,40771,Yes,Yes,4.87,4.41,3.8
751,Female,18,Rajshahi,Public,11,93,Graduate,44552,No,Yes,4.61,4.14,3.02
587,Female,15,Barisal,Public,29,74,Higher Secondary,43672,Yes,No,4.45,3.99,4.74
781,Male,16,Sylhet,Private,23,75,Secondary,24745,No,Yes,4.35,3.95,4.08
673,Female,18,Chattogram,Public,27,64,Higher Secondary,39831,No,Yes,3.1,3.62,4.19
120,Male,16,Mymensingh,Private,25,93,Secondary,56686,No,No,4.37,3.83,3.56
54,Female,17,Rajshahi,Private,23,94,Secondary,25972,Yes,Yes,3.88,4.59,3.24
152,Male,15,Rangpur,Private,12,87,Graduate,56489,Yes,Yes,3.37,4.61,3.75
404,Male,16,Khulna,Private,19,62,Graduate,56121,No,Yes,4.53,4.18,3.52
946,Male,18,Chattogram,Private,19,72,Primary,49683,No,No,4.43,4.75,4.47
208,Female,16,Rajshahi,Public,10,88,Higher Secondary,39978,Yes,Yes,4.04,4.37,4.6
659,Female,15,Sylhet,Private,26,97,Graduate,26972,Yes,Yes,3.57,4.75,4.43
844,Male,17,Sylhet,Private,9,65,Primary,50025,Yes,No,3.76,4.79,3.67
763,Male,17,Sylhet,Public,20,62,Graduate,19943,No,Yes,3.9,4.52,3.7
9,Male,18,Khulna,Private,26,78,Secondary,34816,No,Yes,3.69,4.92,4.57
808,Male,15,Rangpur,Private,18,79,Graduate,14758,No,Yes,4.1,4.44,3.63
37,Female,18,Chattogram,Public,20,82,Higher Secondary,28443,No,Yes,4.37,4.16,4.15
453,Female,18,Barisal,Private,29,66,Higher Secondary,40133,Yes,Yes,4.71,4.53,4.61
652,Female,16,Khulna,Public,28,87,Primary,45163,Yes,Yes,3.83,4.74,4.37
254,Male,16,Chattogram,Public,27,91,Higher Secondary,30811,No,Yes,3.69,3.96,4.73
304,Female,16,Khulna,Public,5,82,Secondary,10864,Yes,No,4.66,3.67,4.97
747,Male,18,Khulna,Private,26,88,Higher Secondary,14683,No,Yes,4.33,3.71,4.15
572,Male,18,Dhaka,Private,21,60,Primary,21927,Yes,Yes,3.12,4.42,3.18
624,Female,18,Mymensingh,Private,5,76,Secondary,37832,Yes,No,4.04,3.66,4.38
733,Male,17,Mymensingh,Public,12,98,Secondary,37052,No,Yes,4.34,4.61,4.35
892,Male,16,Rangpur,Public,18,66,Graduate,17349,No,Yes,3.22,3.87,3.07
263,Male,17,Chattogram,Public,5,94,Higher Secondary,56435,No,Yes,3.04,4.26,4.14
611,Male,15,Mymensingh,Public,29,89,Primary,41097,No,Yes,3.53,4.87,3.81
298,Male,15,Sylhet,Private,13,85,Graduate,33382,No,No,4.19,4.27,4.65
415,Male,16,Chattogram,Public,26,63,Graduate,15696,Yes,No,4.17,3.65,3.18
151,Male,15,Dhaka,Public,14,90,Higher Secondary,36627,No,No,3.68,4.78,4.98
789,Female,15,Chattogram,Private,11,62,Higher Secondary,25997,Yes,Yes,4.38,4.67,4.17
641,Female,18,Rangpur,Private,20,87,Primary,40916,No,Yes,3.77,4.83,3.22
890,Male,15,Rangpur,Private,12,86,Secondary,56994,Yes,No,3.81,3.62,3.84
551,Male,15,Mymensingh,Public,23,63,Higher Secondary,44069,No,Yes,3.24,3.57,4.1
887,Male,16,Mymensingh,Private,6,87,Graduate,40607,Yes,No,4.46,3.64,3.78
489,Male,15,Rajshahi,Private,25,82,Higher Secondary,16719,Yes,Yes,3.66,4.11,4.56
148,Male,16,Khulna,Public,15,67,Graduate,12176,No,Yes,4.02,4.65,4.35
147,Male,17,Dhaka,Private,23,72,Graduate,41831,Yes,Yes,3.86,3.71,3.33
721,Female,16,Barisal,Public,23,92,Secondary,22755,No,No,3.63,3.51,4.89
932,Female,18,Rangpur,Public,27,97,Graduate,59423,No,Yes,4.82,4.68,3.98
740,Female,17,Barisal,Private,25,92,Primary,29281,No,No,3.53,3.58,3.25
660,Female,18,Rajshahi,Public,15,97,Primary,42092,Yes,No,3.66,4.89,3.41
349,Female,18,Rajshahi,Private,25,95,Graduate,33988,Yes,Yes,4.85,4.31,4.3
464,Male,17,Chattogram,Private,21,64,Secondary,52037,Yes,Yes,4.61,4.18,3.37
326,Female,15,Khulna,Private,26,83,Higher Secondary,47371,Yes,Yes,4.26,3.65,4.29
187,Female,18,Khulna,Public,15,72,Higher Secondary,24209,No,No,4.87,3.71,4.87
124,Male,17,Dhaka,Public,18,74,Higher Secondary,51449,Yes,Yes,3.14,4.56,4.39
854,Male,15,Barisal,Public,12,96,Primary,11627,No,Yes,4.24,4.64,4.97
609,Female,16,Chattogram,Public,15,75,Graduate,42698,Yes,Yes,4.79,4.81,4.86
144,Female,17,Khulna,Public,15,69,Secondary,24758,No,Yes,3.04,3.77,4.03
959,Female,15,Sylhet,Public,9,95,Graduate,14616,Yes,Yes,3.97,4.25,3.71
198,Female,17,Mymensingh,Public,27,96,Secondary,51804,Yes,No,3.83,4.0,3.53
610,Female,17,Rajshahi,Private,20,77,Secondary,25966,Yes,Yes,4.04,3.62,3.22
280,Female,18,Sylhet,Private,7,69,Higher Secondary,22997,Yes,Yes,3.14,4.0,3.66
294,Female,15,Mymensingh,Public,8,85,Graduate,50708,No,No,3.58,3.66,3.77
401,Female,17,Khulna,Private,12,65,Graduate,22254,No,Yes,4.64,3.74,4.12
123,Female,17,Rangpur,Private,24,72,Secondary,11170,Yes,Yes,3.94,3.73,3.29
184,Male,18,Barisal,Private,12,92,Secondary,13009,No,No,3.92,3.52,4.26
203,Male,18,Rangpur,Private,25,97,Graduate,27653,Yes,Yes,4.26,3.88,3.29
439,Male,18,Sylhet,Public,12,94,Graduate,35868,No,No,4.81,3.89,3.76
247,Male,16,Dhaka,Private,6,72,Primary,21085,Yes,No,4.82,4.38,3.82
416,Male,18,Chattogram,Public,12,77,Graduate,58994,No,Yes,3.53,4.51,4.35
933,Male,15,Dhaka,Public,12,86,Secondary,18334,No,No,4.46,4.59,4.4
766,Male,18,Rajshahi,Public,24,60,Secondary,31042,No,No,3.62,4.56,4.06
907,Female,15,Mymensingh,Public,23,92,Secondary,15753,No,Yes,4.93,4.11,4.74
836,Female,16,Sylhet,Private,11,94,Graduate,45461,Yes,Yes,3.99,4.83,4.74
888,Female,18,Barisal,Public,11,80,Secondary,36337,No,No,4.26,3.58,3.98
130,Female,16,Rajshahi,Private,28,68,Secondary,56418,No,Yes,3.21,4.62,3.22
638,Male,15,Chattogram,Public,9,95,Graduate,16559,Yes,No,3.99,3.61,3.63
403,Male,15,Rangpur,Private,27,79,Primary,20905,No,No,3.25,4.11,4.25
785,Female,17,Barisal,Private,23,78,Primary,15602,No,Yes,4.9,3.88,4.0
771,Male,17,Rangpur,Private,15,88,Secondary,52833,No,No,4.26,3.79,4.25
736,Male,18,Barisal,Private,9,87,Primary,58664,No,Yes,4.74,3.65,4.81
914,Female,16,Rajshahi,Public,14,80,Higher Secondary,11001,No,Yes,4.12,3.88,3.23
220,Male,17,Sylhet,Private,13,89,Primary,53512,No,No,3.11,4.5,3.96
642,Female,15,Rajshahi,Public,24,77,Graduate,32057,No,No,4.94,4.05,3.89
916,Female,16,Dhaka,Private,8,94,Primary,53000,No,No,3.7,4.34,4.94
753,Female,16,Rangpur,Public,21,72,Higher Secondary,31650,No,No,4.74,3.68,3.09
807,Female,18,Khulna,Private,19,74,Secondary,40341,No,No,3.88,3.95,3.73
920,Female,15,Barisal,Public,24,84,Graduate,47244,Yes,No,3.06,4.94,4.71
625,Male,16,Rajshahi,Private,5,68,Primary,54116,No,Yes,4.13,3.65,4.96
875,Female,16,Mymensingh,Private,12,85,Primary,38311,Yes,Yes,3.52,4.75,4.22
761,Female,18,Barisal,Public,23,64,Graduate,24892,No,No,4.55,4.98,4.53
387,Male,15,Chattogram,Public,24,61,Secondary,12035,Yes,No,3.55,4.51,4.61
973,Male,17,Rangpur,Public,19,61,Secondary,42567,No,No,4.64,4.01,3.16
510,Female,18,Rajshahi,Public,25,86,Graduate,25284,Yes,Yes,3.38,4.99,3.77
268,Female,18,Mymensingh,Public,7,76,Primary,17697,No,No,4.05,3.84,3.58
820,Male,17,Barisal,Public,20,86,Graduate,28324,No,Yes,3.38,4.27,4.54
442,Female,16,Barisal,Public,10,75,Secondary,46405,Yes,Yes,3.55,4.8,4.7
497,Male,18,Rajshahi,Private,18,67,Secondary,41728,Yes,No,3.48,4.99,3.48
113,Female,18,Barisal,Private,8,67,Primary,13748,Yes,No,4.76,4.7,3.68
692,Female,16,Khulna,Private,6,65,Primary,43073,Yes,No,3.89,4.74,4.59
233,Female,15,Chattogram,Public,13,96,Higher Secondary,36270,No,Yes,4.51,3.59,4.86
870,Female,16,Rangpur,Private,17,75,Secondary,39863,No,No,4.9,3.56,4.07
608,Female,15,Dhaka,Private,12,70,Primary,59056,No,No,3.0,4.45,3.01
672,Female,15,Rajshahi,Private,7,63,Primary,26940,No,Yes,4.81,4.62,3.64
374,Female,16,Rajshahi,Public,27,69,Higher Secondary,50037,Yes,No,4.38,4.85,4.38
982,Female,18,Mymensingh,Public,23,87,Secondary,27118,Yes,No,4.95,4.12,5.0
843,Male,18,Dhaka,Public,19,87,Graduate,12580,No,No,4.33,4.28,3.38
234,Female,15,Sylhet,Private,25,87,Higher Secondary,15197,Yes,Yes,4.0,4.28,3.37
786,Male,18,Mymensingh,Private,19,78,Secondary,27575,Yes,Yes,3.11,4.53,3.32
677,Female,17,Khulna,Private,13,86,Graduate,27400,No,Yes,4.88,4.84,3.13
318,Male,18,Dhaka,Private,24,62,Higher Secondary,58924,Yes,No,4.71,3.6,4.34
649,Female,15,Rangpur,Public,17,66,Graduate,36478,No,Yes,3.44,3.53,4.32
411,Male,18,Sylhet,Private,19,74,Graduate,14837,Yes,Yes,4.22,4.54,3.2
899,Male,18,Chattogram,Public,5,91,Higher Secondary,57975,Yes,Yes,4.41,4.54,4.8
710,Female,16,Rajshahi,Public,11,91,Graduate,58442,No,No,4.26,4.06,3.48
359,Male,18,Chattogram,Private,15,98,Graduate,13744,No,No,4.3,4.86,3.16
259,Female,18,Mymensingh,Public,16,79,Graduate,17189,Yes,No,3.38,4.08,3.5
745,Male,16,Khulna,Public,19,99,Primary,14270,Yes,Yes,4.52,3.79,3.67
628,Female,15,Barisal,Public,23,98,Primary,32366,No,Yes,3.72,4.96,4.61
633,Male,18,Dhaka,Public,19,77,Higher Secondary,22466,No,No,3.35,4.79,4.16
283,Female,15,Mymensingh,Public,19,60,Graduate,17148,Yes,Yes,4.48,4.22,3.03
377,Female,18,Sylhet,Private,20,63,Graduate,51612,No,Yes,4.63,3.67,3.47
385,Male,15,Dhaka,Public,9,76,Higher Secondary,20450,Yes,Yes,3.75,4.03,3.04
225,Female,15,Mymensingh,Private,23,83,Graduate,31057,Yes,No,4.57,4.9,4.31
954,Female,18,Chattogram,Public,28,97,Higher Secondary,10066,Yes,No,4.34,3.86,4.61
815,Female,18,Rajshahi,Public,7,99,Higher Secondary,32092,No,Yes,3.83,4.0,3.13
473,Male,15,Rangpur,Private,5,64,Graduate,43040,No,Yes,4.21,4.01,3.02
348,Female,17,Chattogram,Public,10,97,Graduate,36681,Yes,No,3.41,4.39,4.13
506,Male,17,Rangpur,Private,23,64,Higher Secondary,32490,Yes,Yes,4.37,3.91,3.23
640,Female,16,Rajshahi,Public,6,74,Secondary,29158,No,No,4.0,3.93,3.65
988,Female,18,Sylhet,Public,28,79,Higher Secondary,41926,No,No,4.32,4.06,3.32
929,Female,18,Chattogram,Public,26,67,Higher Secondary,56216,No,No,3.94,4.49,4.59
906,Female,16,Rangpur,Private,25,71,Graduate,44836,Yes,No,4.05,4.93,3.04
620,Male,15,Rangpur,Public,11,97,Secondary,27857,Yes,Yes,3.49,3.61,4.8
856,Male,16,Dhaka,Public,13,71,Primary,18219,Yes,Yes,3.58,4.75,3.48
804,Male,18,Rajshahi,Private,7,77,Graduate,38756,No,Yes,4.7,3.69,3.72
646,Male,17,Sylhet,Private,5,72,Higher Secondary,22070,No,Yes,3.78,4.63,3.1
847,Female,18,Chattogram,Private,12,75,Higher Secondary,58940,No,No,4.42,4.87,3.14
557,Female,16,Mymensingh,Public,23,74,Higher Secondary,58217,Yes,No,3.35,3.96,3.48
958,Male,17,Rangpur,Public,10,91,Higher Secondary,25103,No,Yes,3.63,4.36,4.92
578,Female,16,Khulna,Public,27,65,Higher Secondary,48244,No,Yes,3.92,4.73,4.3
796,Male,16,Mymensingh,Private,17,67,Higher Secondary,55039,No,No,4.67,4.02,3.94
86,Male,15,Khulna,Public,14,87,Graduate,44578,Yes,No,4.55,3.57,3.53
243,Female,17,Dhaka,Private,5,96,Primary,55926,Yes,Yes,4.78,4.09,3.41
699,Female,15,Mymensingh,Private,14,71,Higher Secondary,13917,No,No,4.93,4.32,4.57
160,Female,18,Khulna,Public,13,79,Graduate,10320,Yes,Yes,3.45,4.38,4.78
525,Female,15,Sylhet,Public,21,98,Graduate,22242,Yes,No,3.08,3.52,4.65
36,Male,16,Barisal,Public,19,95,Higher Secondary,55947,Yes,No,4.17,4.61,3.23
541,Male,17,Khulna,Private,5,74,Secondary,30900,Yes,Yes,3.63,4.65,4.58
171,Female,18,Sylhet,Public,6,97,Secondary,30426,No,Yes,4.91,4.96,4.73
655,Female,16,Rangpur,Private,15,62,Graduate,18226,Yes,No,3.02,4.3,3.08
891,Male,16,Barisal,Private,27,95,Graduate,14818,Yes,Yes,4.94,4.57,3.63
858,Male,15,Khulna,Public,18,70,Graduate,40232,No,No,3.1,4.84,4.79
848,Female,18,Rajshahi,Private,9,82,Secondary,23900,Yes,No,4.43,4.66,4.49
945,Male,15,Rajshahi,Public,21,75,Secondary,45340,Yes,No,3.12,4.74,4.91
734,Female,18,Rajshahi,Public,9,78,Higher Secondary,13340,Yes,Yes,3.63,4.49,4.41
96,Female,16,Sylhet,Private,20,84,Graduate,55896,No,No,4.51,3.81,4.44
564,Male,16,Dhaka,Private,10,84,Secondary,59593,No,Yes,4.49,3.98,4.74
241,Female,15,Dhaka,Private,25,86,Secondary,42083,No,No,3.69,4.9,4.06
743,Female,16,Rangpur,Public,26,62,Graduate,44806,No,No,3.25,4.68,3.57
575,Male,18,Khulna,Public,7,68,Higher Secondary,22177,No,Yes,4.13,4.63,3.22
691,Female,16,Rajshahi,Private,17,68,Graduate,46824,No,No,3.77,4.29,4.62
461,Female,15,Rajshahi,Private,17,92,Graduate,41086,No,Yes,4.17,3.91,4.3
554,Female,18,Rajshahi,Private,14,85,Primary,49133,No,Yes,3.05,4.84,3.61
889,Female,17,Khulna,Public,7,72,Primary,10220,No,No,3.72,4.59,3.22
207,Female,15,Sylhet,Public,8,63,Primary,30947,No,Yes,4.47,3.65,3.54
393,Female,18,Mymensingh,Private,13,60,Secondary,54950,No,Yes,4.4,4.82,3.65
795,Male,18,Rajshahi,Public,24,91,Higher Secondary,33067,No,Yes,3.53,3.54,3.58
398,Female,17,Sylhet,Public,6,88,Primary,29183,No,Yes,4.91,4.7,4.37
767,Male,16,Chattogram,Private,10,76,Secondary,53894,Yes,No,3.42,3.85,5.0
849,Male,15,Khulna,Public,13,90,Graduate,21440,Yes,No,3.5,4.18,3.11
218,Male,16,Dhaka,Private,9,91,Primary,35097,No,No,4.81,3.65,3.83
5,Male,15,Mymensingh,Public,28,89,Higher Secondary,35553,No,Yes,4.5,4.65,3.46
769,Female,17,Khulna,Public,8,62,Higher Secondary,50437,No,Yes,4.81,4.48,3.72
643,Female,15,Khulna,Public,28,93,Higher Secondary,45892,No,Yes,3.32,3.71,3.51
930,Male,17,Mymensingh,Private,8,70,Secondary,16297,Yes,Yes,4.92,4.94,4.32
613,Female,18,Chattogram,Public,8,77,Primary,14675,Yes,Yes,4.85,4.24,3.87
739,Male,17,Rajshahi,Public,23,68,Primary,35425,Yes,No,3.77,3.78,3.86
547,Male,18,Mymensingh,Public,6,65,Graduate,25848,No,No,4.07,4.66,4.75
726,Male,16,Chattogram,Private,26,69,Primary,51282,No,Yes,3.17,3.98,3.12
684,Female,15,Dhaka,Private,20,91,Graduate,24308,No,No,4.24,4.15,3.07
99,Female,16,Barisal,Private,11,71,Primary,23861,Yes,No,4.15,4.12,3.28
805,Female,15,Dhaka,Private,9,61,Higher Secondary,16040,No,No,3.89,3.53,3.55
728,Male,15,Khulna,Private,28,93,Secondary,24287,No,No,4.42,3.85,3.37
574,Female,16,Dhaka,Public,16,95,Secondary,19316,Yes,Yes,3.41,3.7,4.61
407,Female,16,Barisal,Private,26,60,Higher Secondary,39098,Yes,No,4.64,3.85,4.47
503,Male,16,Dhaka,Public,5,65,Secondary,55436,Yes,Yes,4.17,3.98,4.83
48,Male,15,Sylhet,Private,9,80,Secondary,47583,No,Yes,3.41,3.84,4.95
33,Female,15,Rangpur,Public,15,70,Primary,22205,No,No,4.21,3.93,3.75
780,Male,18,Rangpur,Private,21,81,Graduate,15296,No,No,4.21,4.13,4.22
840,Male,15,Sylhet,Private,29,66,Primary,44924,Yes,Yes,3.98,4.15,3.53
201,Male,15,Khulna,Public,17,78,Graduate,51513,No,Yes,3.17,4.53,4.87
135,Male,17,Sylhet,Private,14,74,Graduate,11161,Yes,Yes,4.09,4.32,4.42
28,Female,17,Mymensingh,Public,11,61,Secondary,14686,Yes,No,3.51,4.29,4.35
881,Male,16,Chattogram,Private,10,97,Secondary,32499,No,Yes,4.09,4.37,4.82
231,Female,17,Barisal,Private,16,69,Higher Secondary,23210,No,Yes,4.97,4.62,4.11
490,Male,15,Rangpur,Private,23,78,Primary,51203,Yes,Yes,3.56,4.19,4.48
773,Male,15,Mymensingh,Private,28,85,Higher Secondary,38379,No,Yes,4.6,3.73,4.3
379,Female,16,Dhaka,Private,7,80,Primary,49099,Yes,Yes,4.08,4.37,3.52
289,Male,18,Khulna,Private,25,64,Higher Secondary,35256,Yes,No,4.82,3.61,3.19
419,Female,15,Khulna,Private,10,99,Primary,11466,No,No,4.24,3.75,4.69
675,Female,15,Sylhet,Public,8,63,Secondary,48220,No,Yes,3.68,4.17,3.96
392,Male,16,Barisal,Public,25,65,Primary,35625,Yes,No,3.52,4.21,3.97
593,Male,18,Rangpur,Public,8,78,Graduate,44493,No,Yes,3.03,4.21,4.05
499,Male,17,Sylhet,Private,15,88,Primary,39001,Yes,No,3.57,4.63,3.46
139,Male,18,Barisal,Public,11,76,Higher Secondary,42528,No,Yes,3.25,3.52,4.92
63,Male,17,Rangpur,Private,25,81,Higher Secondary,55283,No,No,3.61,4.28,3.38
472,Female,16,Chattogram,Public,24,73,Secondary,30827,Yes,No,4.82,4.18,3.31
648,Male,18,Sylhet,Public,21,81,Higher Secondary,10924,Yes,Yes,3.43,4.67,3.66
129,Female,16,Rangpur,Public,29,99,Secondary,45230,Yes,No,4.03,4.83,3.35
977,Female,17,Rajshahi,Public,21,78,Secondary,23798,No,No,4.5,3.64,4.91
521,Female,16,Khulna,Public,27,69,Graduate,14386,Yes,Yes,3.25,3.74,3.97
839,Female,18,Khulna,Public,8,88,Graduate,14340,Yes,No,3.5,3.78,3.09
963,Female,16,Mymensingh,Public,29,62,Primary,21772,Yes,Yes,3.57,4.51,4.13
65,Male,16,Sylhet,Private,14,95,Graduate,22205,No,No,4.24,3.6,4.44
813,Male,17,Dhaka,Private,26,62,Primary,11375,Yes,No,4.05,4.27,4.7
15,Female,15,Barisal,Private,13,98,Higher Secondary,14586,No,Yes,4.95,4.85,4.76
157,Male,16,Rajshahi,Private,25,90,Primary,33776,No,Yes,3.26,4.59,3.26
41,Male,15,Khulna,Public,16,67,Graduate,56142,Yes,Yes,3.38,4.92,4.68
493,Male,17,Mymensingh,Private,13,88,Graduate,46358,Yes,Yes,3.55,4.39,4.06
380,Male,16,Rajshahi,Private,15,96,Graduate,56165,Yes,Yes,4.94,4.46,3.04
188,Male,15,Barisal,Private,9,70,Graduate,58443,No,No,4.96,4.14,4.26
764,Female,17,Dhaka,Private,16,66,Secondary,53240,No,No,4.91,3.76,4.78
217,Female,16,Barisal,Public,6,89,Secondary,55256,Yes,Yes,4.42,3.77,3.48
792,Female,16,Dhaka,Private,20,99,Higher Secondary,32837,No,No,4.47,4.43,4.12
53,Male,17,Barisal,Private,21,80,Primary,38747,Yes,No,4.93,3.89,4.28
879,Male,18,Rangpur,Private,14,97,Secondary,17036,Yes,No,3.9,3.96,3.11
338,Male,16,Chattogram,Private,11,66,Higher Secondary,14042,No,Yes,4.02,4.48,4.46
749,Male,17,Barisal,Public,26,72,Secondary,49884,No,No,4.34,4.74,3.25
720,Female,15,Chattogram,Private,8,81,Higher Secondary,25327,No,Yes,4.46,3.9,4.72
725,Male,16,Khulna,Public,12,73,Higher Secondary,12031,Yes,Yes,3.63,3.68,3.34
296,Female,16,Rajshahi,Private,21,66,Secondary,46634,Yes,Yes,4.81,4.22,3.96
702,Female,16,Sylhet,Private,23,62,Primary,24506,No,Yes,4.4,4.38,4.67
252,Male,16,Sylhet,Public,15,93,Higher Secondary,15247,No,No,3.55,4.0,4.68
727,Male,18,Mymensingh,Private,29,95,Secondary,51863,No,Yes,4.37,4.8,3.21
462,Male,15,Barisal,Public,24,71,Higher Secondary,14633,No,Yes,4.59,4.2,4.55
456,Male,15,Khulna,Private,7,75,Graduate,37052,Yes,Yes,3.38,3.7,4.42
997,Male,16,Sylhet,Private,9,77,Primary,38022,No,Yes,3.71,4.17,3.62
816,Male,17,Mymensingh,Private,26,63,Higher Secondary,10490,Yes,No,3.6,3.61,3.0
863,Female,17,Rangpur,Public,7,61,Higher Secondary,49932,No,Yes,3.12,3.94,4.48
270,Male,16,Rajshahi,Private,28,88,Primary,18386,No,Yes,4.5,4.72,4.15
202,Female,16,Barisal,Public,27,82,Graduate,39092,No,No,4.54,3.89,3.41
162,Male,15,Khulna,Public,19,92,Higher Secondary,38635,No,No,4.63,4.94,4.13
556,Female,15,Barisal,Private,22,69,Secondary,40225,Yes,Yes,4.99,3.62,3.73
730,Female,16,Dhaka,Public,9,87,Primary,54463,No,No,3.15,4.1,4.09
402,Female,17,Rajshahi,Private,17,65,Higher Secondary,38621,Yes,Yes,4.33,4.84,4.92
703,Male,17,Mymensingh,Private,21,89,Graduate,38805,No,Yes,3.59,4.84,4.66
477,Male,17,Mymensingh,Public,21,64,Higher Secondary,45315,Yes,No,4.55,4.28,3.48
822,Female,17,Sylhet,Private,6,61,Primary,31398,Yes,No,3.62,4.53,4.91
772,Male,17,Dhaka,Private,5,91,Secondary,30918,No,Yes,3.51,4.6,4.41
106,Female,18,Mymensingh,Public,14,68,Higher Secondary,51347,No,Yes,3.0,4.07,3.53
566,Female,17,Mymensingh,Private,6,60,Graduate,45414,No,No,4.33,3.93,4.36
390,Male,15,Chattogram,Private,16,91,Graduate,27241,Yes,No,4.07,4.03,3.89
2,Female,17,Rajshahi,Private,7,76,Primary,57947,No,No,4.96,4.09,4.77
938,Male,16,Khulna,Public,6,91,Higher Secondary,13332,Yes,Yes,3.47,4.08,3.19
983,Female,18,Dhaka,Private,9,64,Higher Secondary,32616,No,No,4.65,3.84,3.54
562,Male,18,Rajshahi,Private,7,93,Secondary,18448,No,No,4.36,4.38,4.41
81,Male,17,Dhaka,Public,10,79,Graduate,51743,Yes,No,3.86,4.75,4.97
206,Male,16,Dhaka,Private,6,65,Primary,50469,Yes,No,3.12,3.72,3.37
35,Female,15,Khulna,Private,28,92,Higher Secondary,33527,Yes,No,4.05,4.02,3.81
776,Male,18,Rajshahi,Private,15,87,Graduate,27696,Yes,Yes,3.12,3.66,3.9
509,Female,18,Rajshahi,Public,12,79,Primary,15867,No,No,3.86,5.0,4.53
428,Female,17,Khulna,Public,16,65,Secondary,42651,Yes,No,3.59,4.61,3.5
455,Male,15,Dhaka,Public,21,62,Primary,50150,No,Yes,3.16,4.69,3.94
367,Female,17,Barisal,Public,12,69,Graduate,28028,No,Yes,3.23,4.26,4.53
92,Female,17,Rajshahi,Private,29,65,Higher Secondary,45349,No,No,4.84,4.29,4.0
340,Female,16,Khulna,Public,13,97,Secondary,24389,No,Yes,3.81,3.74,4.95
898,Female,17,Sylhet,Public,11,63,Secondary,34299,No,Yes,3.13,4.79,4.6
565,Female,17,Chattogram,Public,25,87,Graduate,20073,No,Yes,4.99,4.6,3.25
346,Male,17,Mymensingh,Private,18,87,Secondary,28624,No,Yes,4.27,4.64,4.78
777,Male,16,Khulna,Public,29,68,Secondary,12962,Yes,No,4.83,4.54,3.13
242,Male,18,Sylhet,Private,28,81,Higher Secondary,12172,Yes,No,3.78,4.04,4.32
14,Male,17,Mymensingh,Public,16,96,Graduate,23675,Yes,Yes,4.43,4.73,4.54
316,Female,18,Khulna,Public,23,96,Higher Secondary,53298,Yes,No,3.1,4.07,3.18
601,Male,18,Barisal,Public,6,92,Secondary,34849,Yes,Yes,3.0,4.71,3.46
388,Male,18,Mymensingh,Public,9,99,Higher Secondary,54231,No,Yes,3.8,4.26,4.23
274,Female,17,Chattogram,Public,13,63,Higher Secondary,57802,No,No,3.54,3.97,3.86
167,Female,15,Mymensingh,Private,14,91,Primary,42535,Yes,Yes,4.15,3.59,3.03
841,Male,16,Khulna,Private,9,87,Secondary,26184,Yes,Yes,3.15,4.73,3.99
993,Female,17,Chattogram,Private,25,91,Secondary,40329,Yes,No,3.68,4.07,3.28
647,Male,17,Chattogram,Private,8,63,Graduate,50902,Yes,Yes,4.33,4.95,3.01
819,Female,16,Rangpur,Public,25,91,Higher Secondary,29680,Yes,Yes,3.41,4.03,4.99
485,Male,17,Rangpur,Private,21,66,Graduate,37241,Yes,No,3.58,4.81,4.07
981,Female,15,Dhaka,Private,16,93,Primary,30470,No,Yes,4.27,3.95,3.56
505,Male,17,Barisal,Public,16,87,Primary,23029,Yes,Yes,4.64,4.48,4.5
832,Male,15,Chattogram,Private,12,96,Graduate,31638,No,Yes,3.21,4.33,4.57
244,Male,17,Chattogram,Private,25,86,Secondary,26663,No,Yes,4.63,3.66,4.81
567,Female,15,Mymensingh,Public,10,63,Graduate,15209,No,Yes,3.99,4.61,4.14
876,Male,18,Chattogram,Public,21,82,Primary,15650,Yes,No,4.89,4.55,4.93
563,Male,18,Rajshahi,Private,24,89,Primary,53390,Yes,No,3.41,4.26,4.0
687,Female,18,Rangpur,Public,9,98,Primary,45081,Yes,No,4.08,4.49,3.36
190,Female,18,Sylhet,Private,10,87,Graduate,12077,Yes,No,3.35,4.4,4.28
783,Female,18,Sylhet,Private,18,73,Graduate,23921,No,Yes,4.44,3.75,3.59
700,Male,18,Chattogram,Public,6,82,Higher Secondary,12936,Yes,No,4.44,3.6,3.19
476,Female,18,Sylhet,Public,25,81,Higher Secondary,42157,No,No,4.96,4.89,3.42
682,Male,16,Rangpur,Private,21,84,Graduate,44581,Yes,No,4.92,3.61,4.3
511,Male,17,Rajshahi,Private,17,71,Secondary,43979,No,No,3.56,3.79,4.91
59,Male,16,Chattogram,Public,29,96,Higher Secondary,44172,No,Yes,4.79,4.16,4.78
475,Male,18,Mymensingh,Public,25,78,Primary,28157,No,No,4.11,3.86,4.64
561,Female,17,Barisal,Private,11,95,Secondary,49164,Yes,No,4.01,4.73,3.21
857,Male,15,Chattogram,Private,6,72,Secondary,33464,Yes,Yes,4.21,3.79,3.56
748,Male,15,Dhaka,Private,25,93,Secondary,59646,Yes,No,3.21,4.26,3.33
253,Female,18,Sylhet,Public,29,60,Graduate,20553,No,No,3.9,4.76,3.46
22,Male,15,Sylhet,Private,15,72,Secondary,52316,Yes,No,3.27,4.3,3.08
314,Male,15,Khulna,Public,12,74,Secondary,54940,Yes,No,3.36,3.91,3.58
460,Male,17,Chattogram,Private,20,67,Primary,27130,No,Yes,4.06,4.2,4.82
161,Male,18,Khulna,Private,19,70,Secondary,47422,No,No,4.71,3.76,4.04
277,Male,15,Mymensingh,Public,12,85,Graduate,15581,Yes,No,3.36,3.9,4.2
956,Male,15,Khulna,Private,12,73,Higher Secondary,55246,No,Yes,4.49,4.41,3.23
192,Male,17,Dhaka,Private,26,75,Primary,46635,Yes,No,4.16,4.1,3.59
386,Female,18,Barisal,Private,20,83,Primary,30423,No,No,4.93,3.7,3.54
806,Female,17,Sylhet,Private,17,72,Graduate,20304,No,Yes,4.84,4.53,4.61
414,Male,18,Rangpur,Private,24,91,Higher Secondary,27627,Yes,No,4.53,4.75,4.64
492,Male,17,Khulna,Public,27,79,Higher Secondary,21350,No,Yes,4.0,3.55,3.9
344,Female,15,Dhaka,Private,19,81,Higher Secondary,38179,No,Yes,4.6,4.35,3.7
770,Male,15,Khulna,Private,10,74,Primary,54306,No,No,4.08,4.09,3.02
309,Female,15,Rangpur,Public,18,78,Higher Secondary,55138,Yes,Yes,4.8,4.79,4.56
662,Male,17,Barisal,Private,23,88,Primary,29522,Yes,No,3.78,4.09,4.99
131,Female,16,Khulna,Private,7,64,Higher Secondary,36206,Yes,No,3.85,3.55,4.13
664,Female,17,Sylhet,Public,10,69,Higher Secondary,33047,Yes,No,4.84,4.97,3.36
872,Female,15,Barisal,Public,10,85,Secondary,15622,Yes,Yes,4.4,4.34,4.91
100,Male,17,Sylhet,Public,26,75,Higher Secondary,41301,Yes,No,3.7,3.93,4.76
373,Female,18,Mymensingh,Private,28,91,Primary,50722,No,Yes,4.34,4.54,3.05
88,Male,18,Dhaka,Private,9,86,Primary,53041,No,No,4.24,4.81,3.34
459,Male,16,Dhaka,Public,7,75,Primary,50475,Yes,Yes,3.72,3.95,4.41
331,Male,16,Rajshahi,Public,23,82,Higher Secondary,35216,No,No,4.93,4.82,3.63
215,Male,16,Chattogram,Public,29,72,Primary,15543,No,No,3.84,4.74,4.01
467,Female,16,Mymensingh,Public,21,76,Secondary,17008,No,No,4.11,4.19,4.72
122,Male,17,Rajshahi,Public,26,87,Higher Secondary,14675,No,No,4.04,3.52,3.11
615,Female,16,Barisal,Private,28,78,Graduate,23009,No,No,3.63,4.64,3.94
21,Female,17,Rangpur,Private,22,66,Secondary,42443,Yes,No,4.15,4.51,3.95
701,Female,15,Dhaka,Public,17,75,Secondary,46630,No,Yes,4.99,4.46,4.04
72,Female,16,Sylhet,Private,28,76,Graduate,34860,No,No,4.55,3.96,4.34
107,Female,15,Sylhet,Private,7,91,Primary,13121,No,Yes,4.97,3.96,4.42
271,Female,16,Khulna,Public,19,79,Primary,27046,No,No,4.49,3.85,3.8
861,Female,16,Rangpur,Private,10,99,Graduate,44949,No,No,4.0,4.25,4.84
436,Female,16,Rajshahi,Public,27,65,Secondary,31924,Yes,Yes,3.03,3.5,4.64
103,Female,18,Khulna,Public,19,72,Primary,46174,Yes,Yes,4.82,4.58,3.92
382,Female,18,Dhaka,Private,22,60,Secondary,53059,Yes,No,4.88,3.94,4.83
960,Male,17,Khulna,Private,16,91,Graduate,56045,No,No,3.59,4.78,3.13
50,Female,15,Khulna,Private,27,99,Primary,39301,Yes,Yes,4.08,4.55,3.71
61,Male,15,Dhaka,Private,5,83,Graduate,30674,No,No,3.57,4.14,4.62
588,Male,15,Chattogram,Private,10,63,Higher Secondary,27653,Yes,No,4.02,4.97,3.59
431,Male,15,Rajshahi,Public,26,78,Graduate,40573,Yes,Yes,4.84,4.55,3.91
976,Female,15,Sylhet,Public,23,79,Secondary,52598,Yes,Yes,3.68,4.6,3.4
693,Male,18,Rajshahi,Public,17,94,Primary,57115,No,Yes,3.28,4.78,3.26
614,Female,15,Rajshahi,Public,5,97,Primary,51850,No,No,3.97,4.16,4.89
549,Female,15,Barisal,Public,14,61,Higher Secondary,57645,No,No,4.96,4.21,3.81
828,Female,18,Dhaka,Public,19,84,Graduate,42626,Yes,Yes,4.77,4.17,3.95
885,Female,15,Mymensingh,Private,28,89,Secondary,29937,Yes,No,4.08,4.32,4.56
637,Male,15,Sylhet,Public,10,99,Higher Secondary,47292,No,No,4.01,4.34,3.01
199,Male,17,Barisal,Public,20,84,Graduate,43783,Yes,Yes,4.36,3.69,4.91
903,Female,15,Dhaka,Private,17,79,Primary,26252,Yes,Yes,4.78,4.41,3.67
722,Male,17,Khulna,Public,21,89,Secondary,17235,No,No,3.68,4.5,4.86
212,Male,18,Sylhet,Private,7,61,Primary,58287,No,Yes,3.52,4.68,3.76
399,Female,18,Sylhet,Private,28,68,Secondary,49346,No,Yes,4.81,4.02,4.83
362,Male,16,Chattogram,Private,13,80,Secondary,37332,No,Yes,3.24,4.83,4.65
880,Male,15,Mymensingh,Public,20,62,Higher Secondary,49255,No,No,4.59,3.53,3.1
437,Female,16,Barisal,Public,13,99,Primary,43367,No,No,4.23,3.51,3.12
496,Male,15,Mymensingh,Public,15,69,Secondary,38369,No,Yes,4.33,3.56,3.46
78,Female,15,Rangpur,Public,21,85,Secondary,13969,Yes,No,4.9,4.47,3.35
97,Female,16,Chattogram,Private,20,92,Primary,41730,No,Yes,3.51,4.7,4.14
328,Male,15,Rangpur,Public,29,62,Secondary,25960,No,Yes,3.86,4.8,3.87
307,Female,18,Chattogram,Private,6,88,Secondary,23666,No,Yes,4.87,4.22,3.82
121,Female,16,Mymensingh,Private,19,93,Primary,20374,Yes,No,3.38,3.7,4.16
102,Female,16,Khulna,Public,28,95,Higher Secondary,32766,Yes,No,3.99,4.22,3.25
465,Female,17,Khulna,Private,17,86,Secondary,42284,No,Yes,3.68,4.33,4.29
248,Male,16,Rangpur,Public,13,69,Higher Secondary,40564,Yes,Yes,3.31,4.39,3.47
30,Female,15,Mymensingh,Public,19,68,Graduate,24407,No,No,3.05,4.67,4.46
522,Male,15,Chattogram,Public,17,97,Higher Secondary,42263,Yes,Yes,4.83,4.68,3.66
632,Female,17,Rangpur,Public,15,68,Primary,51183,Yes,Yes,3.09,3.88,3.34
901,Male,18,Chattogram,Private,13,65,Secondary,25905,Yes,No,3.78,3.91,4.73
717,Male,18,Chattogram,Private,19,65,Primary,56751,Yes,No,4.7,3.73,4.23
6,Female,15,Sylhet,Public,14,68,Higher Secondary,48965,No,Yes,4.4,4.85,4.47
324,Female,16,Mymensingh,Private,10,88,Higher Secondary,24252,Yes,Yes,4.71,4.51,3.89
480,Female,18,Dhaka,Private,26,98,Primary,24414,No,Yes,3.34,4.96,3.14
64,Male,15,Mymensingh,Private,8,76,Secondary,25790,Yes,Yes,4.52,3.72,3.22
688,Male,15,Chattogram,Private,9,75,Higher Secondary,19706,Yes,No,4.61,3.58,3.45
55,Male,15,Rangpur,Public,23,72,Secondary,38310,No,No,3.52,3.78,3.97
644,Male,16,Dhaka,Private,16,81,Secondary,51439,Yes,No,3.71,4.54,4.82
232,Female,18,Khulna,Private,16,95,Higher Secondary,27793,No,No,3.72,3.85,4.71
696,Female,18,Barisal,Public,27,64,Secondary,36299,Yes,Yes,3.17,4.33,4.8
515,Female,18,Dhaka,Private,17,93,Graduate,27027,No,Yes,3.25,4.29,3.39
77,Female,16,Rajshahi,Private,26,95,Secondary,35763,No,Yes,3.99,3.92,4.53
936,Male,18,Dhaka,Private,27,90,Higher Secondary,17987,No,No,3.72,4.14,4.24
381,Female,16,Barisal,Public,18,97,Higher Secondary,27883,No,No,3.3,4.77,3.07
987,Female,16,Chattogram,Private,29,63,Secondary,12795,No,No,4.01,4.6,3.43
709,Female,18,Mymensingh,Public,15,72,Primary,37281,No,Yes,3.04,3.94,4.03
412,Female,16,Sylhet,Public,13,95,Higher Secondary,56448,No,Yes,3.17,4.08,3.81
714,Female,15,Rajshahi,Private,28,80,Graduate,28610,No,Yes,3.03,4.57,4.99
622,Female,16,Sylhet,Private,9,86,Graduate,28565,Yes,No,3.21,4.67,3.73
837,Male,16,Barisal,Public,7,96,Graduate,52330,Yes,Yes,3.36,4.55,3.06
650,Male,16,Barisal,Public,22,83,Secondary,15506,Yes,No,4.46,4.4,4.46
825,Female,15,Chattogram,Public,7,90,Graduate,45755,Yes,Yes,4.47,3.79,3.33
718,Female,17,Sylhet,Private,6,77,Primary,30590,No,No,4.78,4.16,4.97
26,Female,16,Chattogram,Public,22,95,Primary,58601,Yes,No,4.34,3.8,4.92
543,Male,18,Dhaka,Public,23,69,Higher Secondary,47167,No,No,4.28,4.88,3.62
56,Female,15,Sylhet,Public,29,69,Graduate,32927,No,No,4.68,4.84,4.37
868,Female,15,Barisal,Private,17,70,Higher Secondary,28061,Yes,Yes,4.38,4.77,4.37
947,Male,15,Khulna,Public,29,94,Secondary,15033,No,Yes,4.25,3.94,4.32
860,Male,15,Rangpur,Public,8,67,Graduate,18488,No,No,3.07,4.52,4.46
108,Female,16,Sylhet,Private,23,70,Secondary,28257,No,No,4.81,3.54,3.2
358,Female,17,Rangpur,Public,18,95,Primary,12994,Yes,No,4.96,3.86,3.34
605,Male,18,Rangpur,Private,19,70,Primary,43189,No,No,3.19,4.2,4.38
300,Female,16,Mymensingh,Public,17,64,Primary,32394,No,No,4.24,4.75,3.15
784,Female,16,Barisal,Private,22,88,Primary,42894,No,Yes,4.16,4.04,3.55
310,Female,18,Sylhet,Private,10,98,Graduate,47997,Yes,No,3.91,4.44,4.52
329,Female,16,Rangpur,Private,23,93,Graduate,40791,No,Yes,3.61,3.76,4.94
261,Male,17,Khulna,Private,19,89,Higher Secondary,53646,No,Yes,4.33,4.4,4.02
10,Female,18,Dhaka,Public,14,78,Secondary,18378,Yes,Yes,4.33,3.82,3.63
665,Male,17,Barisal,Public,19,87,Primary,30470,Yes,No,4.35,4.97,3.26
430,Female,17,Sylhet,Private,7,99,Primary,11893,Yes,No,4.93,4.79,4.18
528,Female,15,Dhaka,Private,22,97,Primary,56714,Yes,No,3.4,4.66,4.98
466,Male,16,Sylhet,Private,10,71,Secondary,56546,Yes,Yes,3.11,4.11,3.66
529,Female,16,Mymensingh,Private,22,79,Secondary,15930,Yes,Yes,3.22,4.24,4.36
67,Female,15,Rajshahi,Public,11,69,Primary,22748,Yes,No,4.03,4.34,4.7
919,Female,17,Mymensingh,Private,24,65,Higher Secondary,37223,No,No,4.75,4.24,3.9
926,Male,15,Barisal,Private,25,97,Secondary,11191,No,Yes,4.07,4.68,3.71
60,Male,18,Rangpur,Private,13,97,Graduate,33324,No,No,4.38,4.11,4.14
4,Male,15,Mymensingh,Private,18,84,Primary,55865,No,No,4.63,3.54,3.75
797,Male,17,Sylhet,Public,21,81,Higher Secondary,30923,Yes,No,3.85,4.58,4.91
923,Male,18,Khulna,Private,22,66,Higher Secondary,40734,Yes,No,4.26,4.01,3.83
79,Male,16,Rangpur,Public,21,97,Higher Secondary,45733,Yes,No,3.6,4.81,3.64
939,Female,16,Dhaka,Public,22,69,Secondary,10787,Yes,No,3.23,4.75,3.78
602,Female,17,Dhaka,Private,7,64,Secondary,28690,No,No,4.28,4.83,3.7
788,Female,18,Khulna,Public,8,74,Primary,55349,Yes,Yes,3.35,4.25,3.65
267,Female,17,Rajshahi,Private,6,73,Graduate,38835,No,No,3.87,4.06,3.82
351,Female,18,Mymensingh,Private,12,72,Primary,34704,No,Yes,3.21,3.61,3.29
251,Female,17,Khulna,Public,22,86,Secondary,31153,Yes,No,4.29,4.27,4.36
536,Female,16,Rangpur,Public,23,89,Graduate,18750,No,Yes,4.18,3.76,3.06
768,Female,15,Sylhet,Public,27,84,Primary,16869,No,Yes,4.7,3.9,4.69
975,Female,16,Khulna,Private,17,84,Secondary,27174,No,Yes,4.31,3.91,3.63
250,Male,18,Dhaka,Public,19,68,Graduate,13981,Yes,No,3.06,4.62,3.26
915,Female,18,Dhaka,Public,14,91,Higher Secondary,57645,Yes,Yes,3.56,4.83,3.72
949,Female,18,Barisal,Public,22,80,Higher Secondary,25689,No,Yes,4.12,4.66,3.26
306,Male,17,Khulna,Public,27,74,Primary,50222,No,Yes,3.97,4.29,3.83
992,Female,17,Barisal,Public,27,70,Primary,13084,Yes,No,3.88,4.23,4.61
661,Female,17,Chattogram,Private,14,80,Secondary,21410,No,No,3.23,4.44,3.49
645,Female,15,Khulna,Private,10,70,Graduate,21706,Yes,Yes,3.84,3.75,3.2
579,Female,16,Rajshahi,Private,17,97,Higher Secondary,56621,No,Yes,3.56,4.02,3.4
996,Male,15,Dhaka,Private,17,86,Higher Secondary,11129,No,No,3.5,4.41,4.08
738,Male,17,Chattogram,Public,26,67,Secondary,11141,Yes,No,4.96,4.33,3.35
850,Female,16,Chattogram,Public,5,62,Graduate,24678,Yes,Yes,4.31,4.63,4.09
257,Male,16,Rangpur,Private,21,66,Graduate,15573,Yes,Yes,4.76,4.78,3.24
838,Male,18,Khulna,Private,5,78,Secondary,39320,Yes,Yes,4.47,3.82,4.43
680,Female,16,Rangpur,Public,19,80,Secondary,51798,No,No,3.91,3.72,3.27
597,Male,18,Sylhet,Private,13,99,Graduate,32195,Yes,No,3.19,4.87,3.04
371,Female,17,Rajshahi,Private,26,76,Higher Secondary,26626,Yes,No,3.07,4.81,4.8
452,Female,15,Rajshahi,Public,5,67,Higher Secondary,20762,No,No,3.91,3.62,4.49
262,Female,17,Mymensingh,Private,7,94,Graduate,21087,Yes,No,3.69,3.66,3.27
205,Female,15,Dhaka,Public,17,85,Higher Secondary,44028,Yes,Yes,3.69,3.78,4.36
974,Male,18,Rangpur,Public,23,69,Primary,59723,No,Yes,3.23,4.75,3.98
754,Female,17,Barisal,Public,28,88,Secondary,38706,No,Yes,3.83,4.43,4.46
299,Male,15,Sylhet,Private,7,99,Higher Secondary,59767,No,Yes,4.44,4.22,3.55
363,Male,15,Rangpur,Private,18,80,Higher Secondary,15594,No,No,4.27,4.46,4.83
530,Female,18,Khulna,Private,6,86,Secondary,48170,Yes,Yes,3.77,4.68,4.97
450,Female,18,Khulna,Private,23,81,Higher Secondary,34941,Yes,No,3.9,3.53,4.78
800,Male,15,Dhaka,Public,5,99,Primary,52422,Yes,Yes,4.27,4.38,4.49
24,Female,16,Dhaka,Private,25,96,Higher Secondary,15877,Yes,Yes,3.7,4.39,3.1
571,Female,16,Chattogram,Public,6,78,Graduate,19927,No,No,4.78,4.16,4.88
487,Male,17,Barisal,Private,21,82,Higher Secondary,40254,No,Yes,3.6,3.51,4.9
750,Female,17,Barisal,Private,15,60,Higher Secondary,39809,Yes,No,4.27,4.02,3.05
8,Male,15,Rangpur,Public,20,79,Primary,35359,Yes,No,3.11,4.33,3.35
366,Male,16,Rangpur,Private,8,90,Secondary,57315,No,No,3.27,4.06,3.49
311,Female,17,Barisal,Public,18,87,Secondary,26309,No,No,3.3,4.64,3.96
222,Male,16,Sylhet,Private,10,98,Graduate,32191,Yes,Yes,3.29,4.26,3.73
440,Male,17,Sylhet,Public,27,78,Graduate,18792,No,No,4.39,4.45,4.59
32,Male,18,Dhaka,Private,28,97,Graduate,41422,Yes,Yes,4.03,4.96,4.36
790,Male,16,Rajshahi,Public,17,70,Graduate,27750,No,No,4.29,4.76,3.13
175,Female,15,Dhaka,Public,17,69,Secondary,17498,Yes,No,4.75,4.42,4.68
596,Female,18,Mymensingh,Public,27,79,Higher Secondary,55825,No,Yes,3.51,3.88,3.66
197,Female,16,Sylhet,Private,18,70,Graduate,55863,No,Yes,3.15,4.12,3.78
830,Female,15,Khulna,Private,23,67,Higher Secondary,47298,Yes,No,3.67,4.48,4.82
917,Female,18,Sylhet,Private,12,74,Graduate,33283,No,Yes,4.85,3.78,4.85
322,Male,17,Chattogram,Private,28,95,Primary,30245,Yes,Yes,3.76,4.07,4.22
600,Female,15,Sylhet,Public,16,91,Primary,26555,Yes,No,5.0,4.64,3.24
159,Male,18,Chattogram,Private,27,64,Graduate,17135,No,No,3.55,4.28,4.63
827,Male,16,Chattogram,Private,29,74,Primary,13159,Yes,No,3.54,4.42,3.76
715,Female,16,Barisal,Public,7,61,Primary,11079,Yes,No,3.73,4.22,4.52
656,Male,17,Khulna,Private,17,73,Higher Secondary,21781,No,No,3.18,3.75,3.78
426,Male,16,Rangpur,Private,8,88,Higher Secondary,54348,Yes,No,4.63,4.84,4.45
156,Female,15,Rajshahi,Public,9,83,Graduate,21984,Yes,No,3.45,5.0,4.84
550,Male,18,Sylhet,Private,6,88,Graduate,17837,No,No,4.48,4.36,3.07
943,Female,16,Dhaka,Private,13,90,Graduate,30225,No,Yes,4.74,3.55,3.35
494,Female,16,Rajshahi,Private,11,83,Secondary,42021,Yes,No,4.46,4.29,3.83
555,Male,18,Dhaka,Private,18,84,Higher Secondary,40499,No,Yes,3.81,4.26,4.56
491,Female,15,Sylhet,Public,11,88,Secondary,35081,Yes,Yes,3.37,3.95,4.79
937,Female,17,Mymensingh,Private,18,86,Primary,40966,Yes,No,4.72,3.91,4.94
